{"branch_id":"b0be4abb-b123-4cf7-9d18-d664dad23210","name":"Menu","settings":{"physics":{"gravity":[0,-9.8,0]},"render":{"fog_end":1000,"fog_start":1,"global_ambient":[0.2,0.2,0.2],"fog_color":[0,0,0],"fog":"none","fog_density":0.01,"gamma_correction":1,"tonemapping":0,"exposure":1,"skybox":null,"skyboxIntensity":1,"skyboxRotation":[0,0,0],"skyboxMip":0,"lightmapSizeMultiplier":16,"lightmapMaxResolution":2048,"lightmapMode":1,"lightmapFilterEnabled":false,"lightmapFilterRange":10,"lightmapFilterSmoothness":0.2,"ambientBake":false,"ambientBakeNumSamples":1,"ambientBakeSpherePart":0.4,"ambientBakeOcclusionBrightness":0,"ambientBakeOcclusionContrast":0,"clusteredLightingEnabled":true,"lightingCells":[10,3,10],"lightingMaxLightsPerCell":255,"lightingCookieAtlasResolution":2048,"lightingShadowAtlasResolution":2048,"lightingShadowType":0,"lightingCookiesEnabled":false,"lightingAreaLightsEnabled":false,"lightingShadowsEnabled":true,"skyType":"infinite","skyMeshPosition":[0,0,0],"skyMeshRotation":[0,0,0],"skyMeshScale":[1,1,1],"skyCenter":[0,1,0]}},"entities":{"c8eb536d-717c-4e8e-888e-b3c988e64784":{"name":"Root","parent":null,"resource_id":"c8eb536d-717c-4e8e-888e-b3c988e64784","tags":[],"enabled":true,"components":{},"scale":[1,1,1],"position":[0,0,0],"rotation":[0,0,0],"children":["00ebccb9-0498-427e-86cc-a599e390be03","ed04cc95-f50e-4e85-bf98-0581e94116a4","94915bc5-33ef-4f01-ab6a-98b20d8a58f1"]},"00ebccb9-0498-427e-86cc-a599e390be03":{"name":"Camera","parent":"c8eb536d-717c-4e8e-888e-b3c988e64784","resource_id":"00ebccb9-0498-427e-86cc-a599e390be03","tags":[],"enabled":true,"components":{"camera":{"fov":45,"projection":0,"clearColor":[0.11764705882352941,0.11764705882352941,0.11764705882352941,1],"clearColorBuffer":false,"clearDepthBuffer":false,"frustumCulling":false,"enabled":true,"orthoHeight":4,"farClip":100,"nearClip":0.1,"priority":0,"rect":[0,0,1,1],"layers":[4],"toneMapping":0,"gammaCorrection":1},"audiolistener":{"enabled":true}},"scale":[1,1,1],"position":[4,3.5,4],"rotation":[-30,45,0],"children":[]},"ed04cc95-f50e-4e85-bf98-0581e94116a4":{"name":"2D Screen","tags":[],"enabled":true,"resource_id":"ed04cc95-f50e-4e85-bf98-0581e94116a4","parent":"c8eb536d-717c-4e8e-888e-b3c988e64784","children":["14954db2-8713-4635-b69d-e1dcce20bdbb","b2d95a25-2e99-445e-8664-27e7e945135a","203da77b-0db3-4d83-833c-69afd0310f76","da4b19a2-05a8-4602-b25f-d523ad7f90a8","2a0fe9db-fa4e-4433-9ff4-4176a504492c"],"position":[0,0,0],"rotation":[0,0,0],"scale":[1,1,1],"components":{"screen":{"enabled":true,"screenSpace":true,"scaleMode":"blend","scaleBlend":0.5,"resolution":[1280,720],"referenceResolution":[1920,1080],"priority":0}}},"b2d95a25-2e99-445e-8664-27e7e945135a":{"name":"Title","tags":[],"enabled":true,"resource_id":"b2d95a25-2e99-445e-8664-27e7e945135a","parent":"ed04cc95-f50e-4e85-bf98-0581e94116a4","children":["0b299abf-ac74-4acf-90ed-b4e400c75132"],"position":[0,-60,0],"rotation":[0,0,0],"scale":[1,1,1],"components":{"element":{"enabled":true,"type":"text","anchor":[0.5,1,0.5,1],"pivot":[0.5,1],"text":"[color=\"#ff0000\"]R[/color][color=\"#EAFF00\"]A[/color][color=\"#0BFF00\"]I[/color][color=\"#00DFFF\"]N[/color][color=\"#000BFF\"]B[/color][color=\"#D500FF\"]O[/color][color=\"#FF9F00\"]W[/color] OBBY","key":null,"fontAsset":151973583,"fontSize":120,"minFontSize":8,"maxFontSize":32,"autoFitWidth":false,"autoFitHeight":false,"maxLines":null,"lineHeight":32,"wrapLines":true,"spacing":1,"color":[0,1,0.043137254901960784],"opacity":1,"textureAsset":null,"spriteAsset":null,"spriteFrame":0,"pixelsPerUnit":null,"width":923.76,"height":127.92,"margin":[-461.88,-187.92,-461.88,60],"alignment":[0.5,0.5],"outlineColor":[0,0,0,1],"outlineThickness":1,"shadowColor":[0,0,0,1],"shadowOffset":[0.25,-0.25],"rect":[0,0,1,1],"materialAsset":null,"autoWidth":false,"autoHeight":false,"fitMode":"stretch","useInput":false,"batchGroupId":null,"mask":false,"layers":[4],"enableMarkup":true},"script":{"enabled":true,"order":["motion"],"scripts":{"motion":{"enabled":true,"attributes":{"motions":[{"name":"","position":{"keys":[[0,0],[0,0,0.29534883720930233,4.949999999999999,0.7093023255813954,-4.5,0.981,0],[0,0]],"type":4},"rotation":{"keys":[[0,0],[0,0],[0,0]],"type":4},"scale":{"keys":[[0,0],[0,0],[0,0]],"type":4},"speed":0.5,"autoplay":true,"loop":true}],"events":[],"lerp":0.5}}}}}},"14954db2-8713-4635-b69d-e1dcce20bdbb":{"name":"Background","tags":[],"enabled":true,"resource_id":"14954db2-8713-4635-b69d-e1dcce20bdbb","parent":"ed04cc95-f50e-4e85-bf98-0581e94116a4","children":[],"position":[959.9999747276306,539.9999783933163,0],"rotation":[0,0,0],"scale":[1,1,1],"components":{"element":{"enabled":true,"type":"image","anchor":[0,0,1,1],"pivot":[0.5,0.5],"text":"","key":null,"fontAsset":151973583,"fontSize":32,"minFontSize":8,"maxFontSize":32,"autoFitWidth":false,"autoFitHeight":false,"maxLines":null,"lineHeight":32,"wrapLines":true,"spacing":1,"color":[1,1,1],"opacity":1,"textureAsset":151982233,"spriteAsset":null,"spriteFrame":0,"pixelsPerUnit":null,"width":1920,"height":1080,"margin":[0,0,0,0],"alignment":[0.5,0.5],"outlineColor":[0,0,0,1],"outlineThickness":0,"shadowColor":[0,0,0,1],"shadowOffset":[0,0],"rect":[0,0,1,1],"materialAsset":null,"autoWidth":false,"autoHeight":false,"fitMode":"cover","useInput":false,"batchGroupId":null,"mask":false,"layers":[4],"enableMarkup":false}}},"94915bc5-33ef-4f01-ab6a-98b20d8a58f1":{"name":"MenuController","tags":[],"enabled":true,"resource_id":"94915bc5-33ef-4f01-ab6a-98b20d8a58f1","parent":"c8eb536d-717c-4e8e-888e-b3c988e64784","children":[],"position":[0,0,0],"rotation":[0,0,0],"scale":[1,1,1],"components":{"script":{"enabled":true,"order":["menuController"],"scripts":{"menuController":{"enabled":true,"attributes":{"carObby":"a033c2ba-125d-4361-947f-3c6ac9c6d852","classicObby":"819e446e-74e1-423d-a132-9479e7edc776","bikeObby":"5085388c-261b-41c4-bd0a-119726ce3351","loadingPanel":"2a0fe9db-fa4e-4433-9ff4-4176a504492c","ballObby":"61d8a110-c86c-4f27-bca5-e7b7d36cc17f","ladderObby":"af6aa6d1-19a9-4e69-8117-3184505ed900"}}}},"sound":{"enabled":true,"volume":1,"pitch":1,"positional":false,"refDistance":1,"maxDistance":10000,"rollOffFactor":1,"distanceModel":"linear","slots":{"1":{"name":"gamemodeSelected","loop":false,"autoPlay":false,"overlap":false,"asset":152048993,"startTime":0,"duration":null,"volume":0.1,"pitch":1},"2":{"name":"menuMusic","loop":true,"autoPlay":true,"overlap":false,"asset":152068550,"startTime":0,"duration":null,"volume":0.3,"pitch":1}}}}},"0b299abf-ac74-4acf-90ed-b4e400c75132":{"name":"Text","tags":[],"enabled":true,"resource_id":"0b299abf-ac74-4acf-90ed-b4e400c75132","parent":"b2d95a25-2e99-445e-8664-27e7e945135a","children":[],"position":[0,-132.964,0],"rotation":[0,0,0],"scale":[1,1,1],"components":{"element":{"enabled":true,"type":"text","anchor":[0.5,1,0.5,1],"pivot":[0.5,1],"text":"Choose game mode!","key":null,"fontAsset":151973583,"fontSize":50,"minFontSize":8,"maxFontSize":32,"autoFitWidth":false,"autoFitHeight":false,"maxLines":null,"lineHeight":32,"wrapLines":true,"spacing":1,"color":[1,1,1],"opacity":1,"textureAsset":null,"spriteAsset":null,"spriteFrame":0,"pixelsPerUnit":null,"width":562.2,"height":53.3,"margin":[-234.25,-186.264,-234.25,132.964],"alignment":[0.5,0.5],"outlineColor":[0,0,0,1],"outlineThickness":1,"shadowColor":[0,0,0,1],"shadowOffset":[0.25,-0.25],"rect":[0,0,1,1],"materialAsset":null,"autoWidth":true,"autoHeight":true,"fitMode":"stretch","useInput":false,"batchGroupId":null,"mask":false,"layers":[4],"enableMarkup":true},"script":{"enabled":true,"order":["motion"],"scripts":{"motion":{"enabled":true,"attributes":{"motions":[{"name":"","position":{"keys":[[0,0],[0,0,0.981,0],[0,0]],"type":4},"rotation":{"keys":[[0,0],[0,0],[0,0]],"type":4},"scale":{"keys":[[0,0],[0,0],[0,0]],"type":4},"speed":0.5,"autoplay":true,"loop":true}],"events":[],"lerp":0.5}}}}}},"2a0fe9db-fa4e-4433-9ff4-4176a504492c":{"name":"LoadingPanel","tags":[],"enabled":false,"resource_id":"2a0fe9db-fa4e-4433-9ff4-4176a504492c","parent":"ed04cc95-f50e-4e85-bf98-0581e94116a4","children":["afda1ed1-b649-490d-9f12-2c9c30843481","74d67a8a-0bec-4cdf-a751-d1e926ab8f25","7f9b4a6f-2f3c-4f94-8b6d-dfe76d9ec56f","2354100f-2bc2-40f7-99ae-335f349cedec"],"position":[640,360,0],"rotation":[0,0,0],"scale":[1,1,1],"components":{"element":{"enabled":true,"type":"group","anchor":[0,0,1,1],"pivot":[0.5,0.5],"text":"","key":null,"fontAsset":null,"fontSize":32,"minFontSize":8,"maxFontSize":32,"autoFitWidth":false,"autoFitHeight":false,"maxLines":null,"lineHeight":32,"wrapLines":true,"spacing":1,"color":[1,1,1],"opacity":1,"textureAsset":null,"spriteAsset":null,"spriteFrame":0,"pixelsPerUnit":null,"width":1280,"height":720,"margin":[0,0,0,0],"alignment":[0.5,0.5],"outlineColor":[0,0,0,1],"outlineThickness":0,"shadowColor":[0,0,0,1],"shadowOffset":[0,0],"rect":[0,0,1,1],"materialAsset":null,"autoWidth":false,"autoHeight":false,"fitMode":"stretch","useInput":false,"batchGroupId":null,"mask":false,"layers":[4],"enableMarkup":false}}},"afda1ed1-b649-490d-9f12-2c9c30843481":{"name":"LoadingBackground","tags":[],"enabled":true,"resource_id":"afda1ed1-b649-490d-9f12-2c9c30843481","parent":"2a0fe9db-fa4e-4433-9ff4-4176a504492c","children":[],"position":[640,360,0],"rotation":[0,0,0],"scale":[1,1,1],"components":{"element":{"enabled":true,"type":"image","anchor":[0,0,1,1],"pivot":[0.5,0.5],"text":"","key":null,"fontAsset":null,"fontSize":32,"minFontSize":8,"maxFontSize":32,"autoFitWidth":false,"autoFitHeight":false,"maxLines":null,"lineHeight":32,"wrapLines":true,"spacing":1,"color":[0,0,0],"opacity":0.8,"textureAsset":null,"spriteAsset":null,"spriteFrame":0,"pixelsPerUnit":null,"width":1280,"height":720,"margin":[0,0,0,0],"alignment":[0.5,0.5],"outlineColor":[0,0,0,1],"outlineThickness":0,"shadowColor":[0,0,0,1],"shadowOffset":[0,0],"rect":[0,0,1,1],"materialAsset":null,"autoWidth":false,"autoHeight":false,"fitMode":"stretch","useInput":true,"batchGroupId":null,"mask":false,"layers":[4],"enableMarkup":false}}},"74d67a8a-0bec-4cdf-a751-d1e926ab8f25":{"name":"LoadingIndicator","tags":[],"enabled":true,"resource_id":"74d67a8a-0bec-4cdf-a751-d1e926ab8f25","parent":"2a0fe9db-fa4e-4433-9ff4-4176a504492c","children":[],"position":[0,44.580618152864645,0],"rotation":[0,0,0],"scale":[1,1,1],"components":{"element":{"enabled":true,"type":"image","anchor":[0.5,0.5,0.5,0.5],"pivot":[0.5,0.5],"text":"","key":null,"fontAsset":null,"fontSize":32,"minFontSize":8,"maxFontSize":32,"autoFitWidth":false,"autoFitHeight":false,"maxLines":null,"lineHeight":32,"wrapLines":true,"spacing":1,"color":[1,1,1],"opacity":1,"textureAsset":152066507,"spriteAsset":null,"spriteFrame":0,"pixelsPerUnit":null,"width":128,"height":128,"margin":[-64,-19.419,-64,-108.581],"alignment":[0.5,0.5],"outlineColor":[0,0,0,1],"outlineThickness":0,"shadowColor":[0,0,0,1],"shadowOffset":[0,0],"rect":[0,0,1,1],"materialAsset":null,"autoWidth":false,"autoHeight":false,"fitMode":"stretch","useInput":false,"batchGroupId":null,"mask":false,"layers":[4],"enableMarkup":false}}},"7f9b4a6f-2f3c-4f94-8b6d-dfe76d9ec56f":{"name":"LoadingText","tags":[],"enabled":true,"resource_id":"7f9b4a6f-2f3c-4f94-8b6d-dfe76d9ec56f","parent":"2a0fe9db-fa4e-4433-9ff4-4176a504492c","children":[],"position":[959.9999747276306,-57.0336624761276,0],"rotation":[0,0,0],"scale":[1,1,1],"components":{"element":{"enabled":true,"type":"text","anchor":[0,0.5,1,0.5],"pivot":[0.5,0.5],"text":"Loading assets...","key":null,"fontAsset":151973583,"fontSize":32,"minFontSize":42,"maxFontSize":42,"autoFitWidth":false,"autoFitHeight":true,"maxLines":null,"lineHeight":32,"wrapLines":true,"spacing":1,"color":[1,0.6666666666666666,0],"opacity":1,"textureAsset":null,"spriteAsset":null,"spriteFrame":0,"pixelsPerUnit":null,"width":2208.322,"height":34.112,"margin":[-144.161,-74.09,-144.161,39.978],"alignment":[0.5,0.5],"outlineColor":[0,0,0,1],"outlineThickness":0,"shadowColor":[0,0,0,1],"shadowOffset":[0,0],"rect":[0,0,1,1],"materialAsset":null,"autoWidth":false,"autoHeight":false,"fitMode":"stretch","useInput":false,"batchGroupId":null,"mask":false,"layers":[4],"enableMarkup":false}}},"203da77b-0db3-4d83-833c-69afd0310f76":{"name":"GameModes","tags":[],"enabled":true,"resource_id":"203da77b-0db3-4d83-833c-69afd0310f76","parent":"ed04cc95-f50e-4e85-bf98-0581e94116a4","children":["819e446e-74e1-423d-a132-9479e7edc776","5085388c-261b-41c4-bd0a-119726ce3351","a033c2ba-125d-4361-947f-3c6ac9c6d852","61d8a110-c86c-4f27-bca5-e7b7d36cc17f","af6aa6d1-19a9-4e69-8117-3184505ed900"],"position":[960,447.496,0],"rotation":[0,0,0],"scale":[0.8686207412126192,0.8686207412126192,0.8686207412126192],"components":{"layoutgroup":{"enabled":true,"orientation":0,"reverseX":false,"reverseY":true,"alignment":[0.5,0.5],"padding":[200,0,200,0],"spacing":[50,50],"widthFitting":2,"heightFitting":1,"wrap":true},"element":{"enabled":true,"type":"image","anchor":[0,0,1,1],"pivot":[0.5,0.5],"text":"","key":null,"fontAsset":151973583,"fontSize":32,"minFontSize":8,"maxFontSize":32,"autoFitWidth":false,"autoFitHeight":false,"maxLines":null,"lineHeight":32,"wrapLines":true,"spacing":1,"color":[1,1,1],"opacity":0,"textureAsset":null,"spriteAsset":null,"spriteFrame":0,"pixelsPerUnit":null,"width":1920,"height":895,"margin":[0,-0.004,0,185.004],"alignment":[0.5,0.5],"outlineColor":[0,0,0,1],"outlineThickness":0,"shadowColor":[0,0,0,1],"shadowOffset":[0,0],"rect":[0,0,1,1],"materialAsset":null,"autoWidth":false,"autoHeight":false,"fitMode":"cover","useInput":false,"batchGroupId":null,"mask":false,"layers":[4],"enableMarkup":false}}},"819e446e-74e1-423d-a132-9479e7edc776":{"name":"ClassicObby","tags":[],"enabled":true,"resource_id":"819e446e-74e1-423d-a132-9479e7edc776","parent":"203da77b-0db3-4d83-833c-69afd0310f76","children":["d7160485-fe78-4444-9350-d0d6661ff253"],"position":[360,447.5,0],"rotation":[0,0,0],"scale":[1,1,5],"components":{"element":{"enabled":true,"type":"group","anchor":[0,0,0,0],"pivot":[0.5,0.5],"text":"","key":null,"fontAsset":null,"fontSize":32,"minFontSize":8,"maxFontSize":32,"autoFitWidth":false,"autoFitHeight":false,"maxLines":null,"lineHeight":32,"wrapLines":true,"spacing":1,"color":[1,1,1],"opacity":1,"textureAsset":null,"spriteAsset":null,"spriteFrame":0,"pixelsPerUnit":null,"width":350,"height":600,"margin":[985,147.5,-1335,-747.5],"alignment":[0.5,0.5],"outlineColor":[0,0,0,1],"outlineThickness":0,"shadowColor":[0,0,0,1],"shadowOffset":[0,0],"rect":[0,0,1,1],"materialAsset":null,"autoWidth":false,"autoHeight":false,"fitMode":"stretch","useInput":true,"batchGroupId":null,"mask":false,"layers":[4],"enableMarkup":false},"layoutchild":{"enabled":true,"minWidth":350,"minHeight":600,"maxWidth":600,"maxHeight":600,"fitWidthProportion":0,"fitHeightProportion":0,"excludeFromLayout":false},"button":{"enabled":true,"active":true,"imageEntity":"502e5ed6-6a6b-4139-b257-4016f53ff4ab","hitPadding":[0,0,0,0],"transitionMode":0,"hoverTint":[0.8392156862745098,0.9058823529411765,1,1],"pressedTint":[1,1,1,1],"inactiveTint":[1,1,1,1],"fadeDuration":0,"hoverSpriteAsset":null,"hoverSpriteFrame":0,"pressedSpriteAsset":null,"pressedSpriteFrame":0,"inactiveSpriteAsset":null,"inactiveSpriteFrame":0,"hoverTextureAsset":null,"pressedTextureAsset":null,"inactiveTextureAsset":null}}},"d7160485-fe78-4444-9350-d0d6661ff253":{"name":"Body","tags":[],"enabled":true,"resource_id":"d7160485-fe78-4444-9350-d0d6661ff253","parent":"819e446e-74e1-423d-a132-9479e7edc776","children":["502e5ed6-6a6b-4139-b257-4016f53ff4ab","0041df72-9f5b-41bc-b07d-88a949d34b53","09cc7f80-5256-4ab7-82d4-36fbbb4aedaf","9553b585-9ca5-4946-938c-5fa539cea8e2"],"position":[175,295,0],"rotation":[0,0,0],"scale":[1,1,1],"components":{"element":{"enabled":true,"type":"group","anchor":[0,0,1,1],"pivot":[0.5,0.5],"text":"","key":null,"fontAsset":151973583,"fontSize":32,"minFontSize":8,"maxFontSize":32,"autoFitWidth":false,"autoFitHeight":false,"maxLines":null,"lineHeight":32,"wrapLines":true,"spacing":1,"color":[1,1,1],"opacity":1,"textureAsset":null,"spriteAsset":null,"spriteFrame":0,"pixelsPerUnit":null,"width":32,"height":32,"margin":[0,0,0,0],"alignment":[0.5,0.5],"outlineColor":[0,0,0,1],"outlineThickness":0,"shadowColor":[0,0,0,1],"shadowOffset":[0,0],"rect":[0,0,1,1],"materialAsset":null,"autoWidth":false,"autoHeight":false,"fitMode":"stretch","useInput":false,"batchGroupId":null,"mask":false,"layers":[4],"enableMarkup":false},"script":{"enabled":true,"order":["motion"],"scripts":{"motion":{"enabled":true,"attributes":{"motions":[{"name":"","position":{"keys":[[0,0],[0,0,0.1,5.7,0.2,0],[0,0]],"type":4},"rotation":{"keys":[[0,0],[0,0],[0,0]],"type":4},"scale":{"keys":[[0,0],[0,0],[0,0]],"type":4},"speed":1,"autoplay":true,"loop":true}],"events":[],"lerp":0.5}}}}}},"502e5ed6-6a6b-4139-b257-4016f53ff4ab":{"name":"PP","tags":[],"enabled":true,"resource_id":"502e5ed6-6a6b-4139-b257-4016f53ff4ab","parent":"d7160485-fe78-4444-9350-d0d6661ff253","children":[],"position":[0,0,0],"rotation":[0,0,0],"scale":[0.9248106142005748,0.9248106142005748,0.9248106142005748],"components":{"element":{"enabled":true,"type":"image","anchor":[0.5,0.5,0.5,0.5],"pivot":[0.5,0.5],"text":"","key":null,"fontAsset":null,"fontSize":32,"minFontSize":8,"maxFontSize":32,"autoFitWidth":false,"autoFitHeight":false,"maxLines":null,"lineHeight":32,"wrapLines":true,"spacing":1,"color":[1,1,1],"opacity":1,"textureAsset":156217502,"spriteAsset":null,"spriteFrame":0,"pixelsPerUnit":null,"width":500,"height":800,"margin":[-250,-400,-250,-400],"alignment":[0.5,0.5],"outlineColor":[0,0,0,1],"outlineThickness":0,"shadowColor":[0,0,0,1],"shadowOffset":[0,0],"rect":[0,0,1,1],"materialAsset":null,"autoWidth":false,"autoHeight":false,"fitMode":"stretch","useInput":true,"batchGroupId":null,"mask":false,"layers":[4],"enableMarkup":false}}},"0041df72-9f5b-41bc-b07d-88a949d34b53":{"name":"Game Name Text","tags":[],"enabled":true,"resource_id":"0041df72-9f5b-41bc-b07d-88a949d34b53","parent":"d7160485-fe78-4444-9350-d0d6661ff253","children":[],"position":[0,64.999,0],"rotation":[0,0,1.7499999941148663],"scale":[1,1,1],"components":{"element":{"enabled":true,"type":"text","anchor":[0.5,0,0.5,0],"pivot":[0.5,0.5],"text":"Classic","key":null,"fontAsset":151973583,"fontSize":51.38,"minFontSize":8,"maxFontSize":50,"autoFitWidth":true,"autoFitHeight":true,"maxLines":null,"lineHeight":32,"wrapLines":true,"spacing":1,"color":[1,1,1],"opacity":1,"textureAsset":null,"spriteAsset":null,"spriteFrame":0,"pixelsPerUnit":null,"width":237.222,"height":75,"margin":[-118.611,38.35,-118.611,-91.649],"alignment":[0.5,0.5],"outlineColor":[0,0,0,1],"outlineThickness":1,"shadowColor":[0,0,0,1],"shadowOffset":[0.25,-0.25],"rect":[0,0,1,1],"materialAsset":null,"autoWidth":false,"autoHeight":false,"fitMode":"stretch","useInput":false,"batchGroupId":null,"mask":false,"layers":[4],"enableMarkup":false}}},"09cc7f80-5256-4ab7-82d4-36fbbb4aedaf":{"name":"Fire","tags":[],"enabled":false,"resource_id":"09cc7f80-5256-4ab7-82d4-36fbbb4aedaf","parent":"d7160485-fe78-4444-9350-d0d6661ff253","children":[],"position":[-15.326,-1.338,0],"rotation":[0,0,0],"scale":[0.459255132006932,0.459255132006932,0.459255132006932],"components":{"element":{"enabled":true,"type":"image","anchor":[1,1,1,1],"pivot":[0.5,0.5],"text":"","key":null,"fontAsset":null,"fontSize":32,"minFontSize":8,"maxFontSize":32,"autoFitWidth":false,"autoFitHeight":false,"maxLines":null,"lineHeight":32,"wrapLines":true,"spacing":1,"color":[1,1,1],"opacity":1,"textureAsset":151975202,"spriteAsset":null,"spriteFrame":0,"pixelsPerUnit":null,"width":256,"height":256,"margin":[-143.326,-129.338,-112.674,-126.662],"alignment":[0.5,0.5],"outlineColor":[0,0,0,1],"outlineThickness":0,"shadowColor":[0,0,0,1],"shadowOffset":[0,0],"rect":[0,0,1,1],"materialAsset":null,"autoWidth":false,"autoHeight":false,"fitMode":"stretch","useInput":true,"batchGroupId":null,"mask":false,"layers":[4],"enableMarkup":false}}},"a033c2ba-125d-4361-947f-3c6ac9c6d852":{"name":"CarObby","tags":[],"enabled":true,"resource_id":"a033c2ba-125d-4361-947f-3c6ac9c6d852","parent":"203da77b-0db3-4d83-833c-69afd0310f76","children":["d64a5c8e-a307-4f0b-91db-f0d9df46f6e8"],"position":[760,447.5,0],"rotation":[0,0,0],"scale":[1,1,1],"components":{"element":{"enabled":true,"type":"group","anchor":[0,0,0,0],"pivot":[0.5,0.5],"text":"","key":null,"fontAsset":null,"fontSize":32,"minFontSize":8,"maxFontSize":32,"autoFitWidth":false,"autoFitHeight":false,"maxLines":null,"lineHeight":32,"wrapLines":true,"spacing":1,"color":[1,1,1],"opacity":1,"textureAsset":null,"spriteAsset":null,"spriteFrame":0,"pixelsPerUnit":null,"width":350,"height":600,"margin":[585,147.5,-935,-747.5],"alignment":[0.5,0.5],"outlineColor":[0,0,0,1],"outlineThickness":0,"shadowColor":[0,0,0,1],"shadowOffset":[0,0],"rect":[0,0,1,1],"materialAsset":null,"autoWidth":false,"autoHeight":false,"fitMode":"stretch","useInput":true,"batchGroupId":null,"mask":false,"layers":[4],"enableMarkup":false},"layoutchild":{"enabled":true,"minWidth":350,"minHeight":600,"maxWidth":600,"maxHeight":600,"fitWidthProportion":0,"fitHeightProportion":0,"excludeFromLayout":false},"button":{"enabled":true,"active":true,"imageEntity":"d3da2c90-a3a6-40ca-aa4a-7f168768e00a","hitPadding":[0,0,0,0],"transitionMode":0,"hoverTint":[0.9921568627450981,0.9686274509803922,0.7098039215686275,1],"pressedTint":[1,1,1,1],"inactiveTint":[1,1,1,1],"fadeDuration":0,"hoverSpriteAsset":null,"hoverSpriteFrame":0,"pressedSpriteAsset":null,"pressedSpriteFrame":0,"inactiveSpriteAsset":null,"inactiveSpriteFrame":0,"hoverTextureAsset":null,"pressedTextureAsset":null,"inactiveTextureAsset":null}}},"d64a5c8e-a307-4f0b-91db-f0d9df46f6e8":{"name":"Body","tags":[],"enabled":true,"resource_id":"d64a5c8e-a307-4f0b-91db-f0d9df46f6e8","parent":"a033c2ba-125d-4361-947f-3c6ac9c6d852","children":["d3da2c90-a3a6-40ca-aa4a-7f168768e00a","378c9907-18b3-4561-9d8a-52da84374891","ad8da4ee-6746-40b0-9ef2-d8d5f9c49040"],"position":[230.625,300,0],"rotation":[0,0,0],"scale":[1,1,1],"components":{"element":{"enabled":true,"type":"group","anchor":[0,0,1,1],"pivot":[0.5,0.5],"text":"","key":null,"fontAsset":151973583,"fontSize":32,"minFontSize":8,"maxFontSize":32,"autoFitWidth":false,"autoFitHeight":false,"maxLines":null,"lineHeight":32,"wrapLines":true,"spacing":1,"color":[1,1,1],"opacity":1,"textureAsset":null,"spriteAsset":null,"spriteFrame":0,"pixelsPerUnit":null,"width":32,"height":32,"margin":[0,0,0,0],"alignment":[0.5,0.5],"outlineColor":[0,0,0,1],"outlineThickness":0,"shadowColor":[0,0,0,1],"shadowOffset":[0,0],"rect":[0,0,1,1],"materialAsset":null,"autoWidth":false,"autoHeight":false,"fitMode":"stretch","useInput":false,"batchGroupId":null,"mask":false,"layers":[4],"enableMarkup":false},"script":{"enabled":true,"order":["motion"],"scripts":{"motion":{"enabled":true,"attributes":{"motions":[{"name":"","position":{"keys":[[0,0],[0.4,0,0.5,5.7,0.6,0],[0,0]],"type":4},"rotation":{"keys":[[0,0],[0,0],[0,0]],"type":4},"scale":{"keys":[[0,0],[0,0],[0,0]],"type":4},"speed":1,"autoplay":true,"loop":true}],"events":[],"lerp":0.5}}}}}},"d3da2c90-a3a6-40ca-aa4a-7f168768e00a":{"name":"PP","tags":[],"enabled":true,"resource_id":"d3da2c90-a3a6-40ca-aa4a-7f168768e00a","parent":"d64a5c8e-a307-4f0b-91db-f0d9df46f6e8","children":[],"position":[0,0,0],"rotation":[0,0,0],"scale":[0.9248106142005748,0.9248106142005748,0.9248106142005748],"components":{"element":{"enabled":true,"type":"image","anchor":[0.5,0.5,0.5,0.5],"pivot":[0.5,0.5],"text":"","key":null,"fontAsset":null,"fontSize":32,"minFontSize":8,"maxFontSize":32,"autoFitWidth":false,"autoFitHeight":false,"maxLines":null,"lineHeight":32,"wrapLines":true,"spacing":1,"color":[1,1,1],"opacity":1,"textureAsset":156217501,"spriteAsset":null,"spriteFrame":0,"pixelsPerUnit":null,"width":500,"height":800,"margin":[-250,-400,-250,-400],"alignment":[0.5,0.5],"outlineColor":[0,0,0,1],"outlineThickness":0,"shadowColor":[0,0,0,1],"shadowOffset":[0,0],"rect":[0,0,1,1],"materialAsset":null,"autoWidth":false,"autoHeight":false,"fitMode":"stretch","useInput":true,"batchGroupId":null,"mask":false,"layers":[4],"enableMarkup":false}}},"378c9907-18b3-4561-9d8a-52da84374891":{"name":"Game Name Text","tags":[],"enabled":true,"resource_id":"378c9907-18b3-4561-9d8a-52da84374891","parent":"d64a5c8e-a307-4f0b-91db-f0d9df46f6e8","children":[],"position":[0,64.999,0],"rotation":[0,0,1.75],"scale":[1,1,1],"components":{"element":{"enabled":true,"type":"text","anchor":[0.5,0,0.5,0],"pivot":[0.5,0.5],"text":"Car","key":null,"fontAsset":151973583,"fontSize":51.38,"minFontSize":8,"maxFontSize":50,"autoFitWidth":true,"autoFitHeight":true,"maxLines":null,"lineHeight":32,"wrapLines":true,"spacing":1,"color":[1,1,1],"opacity":1,"textureAsset":null,"spriteAsset":null,"spriteFrame":0,"pixelsPerUnit":null,"width":237.222,"height":75,"margin":[-118.611,38.35,-118.611,-91.649],"alignment":[0.5,0.5],"outlineColor":[0,0,0,1],"outlineThickness":1,"shadowColor":[0,0,0,1],"shadowOffset":[0.25,-0.25],"rect":[0,0,1,1],"materialAsset":null,"autoWidth":false,"autoHeight":false,"fitMode":"stretch","useInput":false,"batchGroupId":null,"mask":false,"layers":[4],"enableMarkup":false}}},"5085388c-261b-41c4-bd0a-119726ce3351":{"name":"BikeObby","tags":[],"enabled":true,"resource_id":"5085388c-261b-41c4-bd0a-119726ce3351","parent":"203da77b-0db3-4d83-833c-69afd0310f76","children":["e7d72f99-0b7a-4fb6-80a8-1f19445b68f2"],"position":[1160.0000141084856,447.49998673465325,0],"rotation":[0,0,0],"scale":[1,1,1],"components":{"element":{"enabled":true,"type":"group","anchor":[0,0,0,0],"pivot":[0.5,0.5],"text":"","key":null,"fontAsset":null,"fontSize":32,"minFontSize":8,"maxFontSize":32,"autoFitWidth":false,"autoFitHeight":false,"maxLines":null,"lineHeight":32,"wrapLines":true,"spacing":1,"color":[1,1,1],"opacity":1,"textureAsset":null,"spriteAsset":null,"spriteFrame":0,"pixelsPerUnit":null,"width":350,"height":590,"margin":[985,152.5,-1335,-742.5],"alignment":[0.5,0.5],"outlineColor":[0,0,0,1],"outlineThickness":0,"shadowColor":[0,0,0,1],"shadowOffset":[0,0],"rect":[0,0,1,1],"materialAsset":null,"autoWidth":false,"autoHeight":false,"fitMode":"stretch","useInput":true,"batchGroupId":null,"mask":false,"layers":[4],"enableMarkup":false},"layoutchild":{"enabled":true,"minWidth":350,"minHeight":600,"maxWidth":600,"maxHeight":600,"fitWidthProportion":0,"fitHeightProportion":0,"excludeFromLayout":false},"button":{"enabled":true,"active":true,"imageEntity":"9e6a0b7c-37c8-499a-b956-f0325a69a3d2","hitPadding":[0,0,0,0],"transitionMode":0,"hoverTint":[1,0.8392156862745098,0.8392156862745098,1],"pressedTint":[1,1,1,1],"inactiveTint":[1,1,1,1],"fadeDuration":0,"hoverSpriteAsset":null,"hoverSpriteFrame":0,"pressedSpriteAsset":null,"pressedSpriteFrame":0,"inactiveSpriteAsset":null,"inactiveSpriteFrame":0,"hoverTextureAsset":null,"pressedTextureAsset":null,"inactiveTextureAsset":null}}},"e7d72f99-0b7a-4fb6-80a8-1f19445b68f2":{"name":"Body","tags":[],"enabled":true,"resource_id":"e7d72f99-0b7a-4fb6-80a8-1f19445b68f2","parent":"5085388c-261b-41c4-bd0a-119726ce3351","children":["9e6a0b7c-37c8-499a-b956-f0325a69a3d2","02664065-56ba-4d7e-87bf-1aeb8f7223d4","9c923e47-9331-447a-89dc-8825d195308a","36b59fe3-fa1a-4637-9aaf-2481b961b4c8"],"position":[175,295,0],"rotation":[0,0,0],"scale":[1,1,1],"components":{"element":{"enabled":true,"type":"group","anchor":[0,0,1,1],"pivot":[0.5,0.5],"text":"","key":null,"fontAsset":151973583,"fontSize":32,"minFontSize":8,"maxFontSize":32,"autoFitWidth":false,"autoFitHeight":false,"maxLines":null,"lineHeight":32,"wrapLines":true,"spacing":1,"color":[1,1,1],"opacity":1,"textureAsset":null,"spriteAsset":null,"spriteFrame":0,"pixelsPerUnit":null,"width":32,"height":32,"margin":[0,0,0,0],"alignment":[0.5,0.5],"outlineColor":[0,0,0,1],"outlineThickness":0,"shadowColor":[0,0,0,1],"shadowOffset":[0,0],"rect":[0,0,1,1],"materialAsset":null,"autoWidth":false,"autoHeight":false,"fitMode":"stretch","useInput":false,"batchGroupId":null,"mask":false,"layers":[4],"enableMarkup":false},"script":{"enabled":true,"order":["motion"],"scripts":{"motion":{"enabled":true,"attributes":{"motions":[{"name":"","position":{"keys":[[0,0],[0.2,0,0.3,5.7,0.4,0],[0,0]],"type":4},"rotation":{"keys":[[0,0],[0,0],[0,0]],"type":4},"scale":{"keys":[[0,0],[0,0],[0,0]],"type":4},"speed":1,"autoplay":true,"loop":true}],"events":[],"lerp":0.5}}}}}},"9e6a0b7c-37c8-499a-b956-f0325a69a3d2":{"name":"PP","tags":[],"enabled":true,"resource_id":"9e6a0b7c-37c8-499a-b956-f0325a69a3d2","parent":"e7d72f99-0b7a-4fb6-80a8-1f19445b68f2","children":[],"position":[0,0,0],"rotation":[0,0,0],"scale":[0.9248106142005748,0.9248106142005748,0.9248106142005748],"components":{"element":{"enabled":true,"type":"image","anchor":[0.5,0.5,0.5,0.5],"pivot":[0.5,0.5],"text":"","key":null,"fontAsset":null,"fontSize":32,"minFontSize":8,"maxFontSize":32,"autoFitWidth":false,"autoFitHeight":false,"maxLines":null,"lineHeight":32,"wrapLines":true,"spacing":1,"color":[1,1,1],"opacity":1,"textureAsset":156217317,"spriteAsset":null,"spriteFrame":0,"pixelsPerUnit":null,"width":500,"height":800,"margin":[-250,-400,-250,-400],"alignment":[0.5,0.5],"outlineColor":[0,0,0,1],"outlineThickness":0,"shadowColor":[0,0,0,1],"shadowOffset":[0,0],"rect":[0,0,1,1],"materialAsset":null,"autoWidth":false,"autoHeight":false,"fitMode":"stretch","useInput":true,"batchGroupId":null,"mask":false,"layers":[4],"enableMarkup":false}}},"02664065-56ba-4d7e-87bf-1aeb8f7223d4":{"name":"Game Name Text","tags":[],"enabled":true,"resource_id":"02664065-56ba-4d7e-87bf-1aeb8f7223d4","parent":"e7d72f99-0b7a-4fb6-80a8-1f19445b68f2","children":[],"position":[0,64.999,0],"rotation":[0,0,1.7499999941148663],"scale":[1,1,1],"components":{"element":{"enabled":true,"type":"text","anchor":[0.5,0,0.5,0],"pivot":[0.5,0.5],"text":"Bike","key":null,"fontAsset":151973583,"fontSize":51.38,"minFontSize":8,"maxFontSize":50,"autoFitWidth":true,"autoFitHeight":true,"maxLines":null,"lineHeight":32,"wrapLines":true,"spacing":1,"color":[1,1,1],"opacity":1,"textureAsset":null,"spriteAsset":null,"spriteFrame":0,"pixelsPerUnit":null,"width":237.222,"height":53.299,"margin":[-118.611,38.35,-118.611,-91.649],"alignment":[0.5,0.5],"outlineColor":[0,0,0,1],"outlineThickness":1,"shadowColor":[0,0,0,1],"shadowOffset":[0.25,-0.25],"rect":[0,0,1,1],"materialAsset":null,"autoWidth":false,"autoHeight":false,"fitMode":"stretch","useInput":false,"batchGroupId":null,"mask":false,"layers":[4],"enableMarkup":false}}},"2354100f-2bc2-40f7-99ae-335f349cedec":{"name":"LoadingTitle","tags":[],"enabled":true,"resource_id":"2354100f-2bc2-40f7-99ae-335f349cedec","parent":"2a0fe9db-fa4e-4433-9ff4-4176a504492c","children":[],"position":[959.9999747276306,-112.58080522178433,0],"rotation":[0,0,0],"scale":[1,1,1],"components":{"element":{"enabled":true,"type":"text","anchor":[0,0.5,1,0.5],"pivot":[0.5,0.5],"text":"0/0","key":null,"fontAsset":151973583,"fontSize":32,"minFontSize":42,"maxFontSize":42,"autoFitWidth":false,"autoFitHeight":true,"maxLines":null,"lineHeight":32,"wrapLines":true,"spacing":1,"color":[0,1,0],"opacity":1,"textureAsset":null,"spriteAsset":null,"spriteFrame":0,"pixelsPerUnit":null,"width":2208.322,"height":34.112,"margin":[-144.161,-129.637,-144.161,95.525],"alignment":[0.5,0.5],"outlineColor":[0,0,0,1],"outlineThickness":0,"shadowColor":[0,0,0,1],"shadowOffset":[0,0],"rect":[0,0,1,1],"materialAsset":null,"autoWidth":false,"autoHeight":false,"fitMode":"stretch","useInput":false,"batchGroupId":null,"mask":false,"layers":[4],"enableMarkup":false}}},"da4b19a2-05a8-4602-b25f-d523ad7f90a8":{"name":"Text","tags":[],"enabled":true,"resource_id":"da4b19a2-05a8-4602-b25f-d523ad7f90a8","parent":"ed04cc95-f50e-4e85-bf98-0581e94116a4","children":[],"position":[-12.5,5,0],"rotation":[0,0,0],"scale":[1,1,1],"components":{"element":{"enabled":true,"type":"text","anchor":[1,0,1,0],"pivot":[1,0],"text":"emolingo games","key":null,"fontAsset":151973583,"fontSize":40,"minFontSize":8,"maxFontSize":32,"autoFitWidth":false,"autoFitHeight":false,"maxLines":null,"lineHeight":32,"wrapLines":true,"spacing":1,"color":[1,1,1],"opacity":0.43,"textureAsset":null,"spriteAsset":null,"spriteFrame":0,"pixelsPerUnit":null,"width":303.44,"height":42.64,"margin":[-315.94,5,12.5,-47.64],"alignment":[1,0],"outlineColor":[0,0,0,1],"outlineThickness":0,"shadowColor":[0,0,0,1],"shadowOffset":[0.25,-0.25],"rect":[0,0,1,1],"materialAsset":null,"autoWidth":true,"autoHeight":true,"fitMode":"stretch","useInput":false,"batchGroupId":null,"mask":false,"layers":[4],"enableMarkup":true}}},"9c923e47-9331-447a-89dc-8825d195308a":{"name":"Game Name Text","tags":[],"enabled":false,"resource_id":"9c923e47-9331-447a-89dc-8825d195308a","parent":"e7d72f99-0b7a-4fb6-80a8-1f19445b68f2","children":[],"position":[-15.72551790513171,621.3887659274675,0],"rotation":[0,0,4],"scale":[1,1,1],"components":{"element":{"enabled":true,"type":"text","anchor":[0.5,0,0.5,0],"pivot":[0.5,0.5],"text":"World 2 update!","key":null,"fontAsset":151973583,"fontSize":40.13,"minFontSize":8,"maxFontSize":50,"autoFitWidth":false,"autoFitHeight":false,"maxLines":null,"lineHeight":32,"wrapLines":false,"spacing":1,"color":[0.12549019607843137,1,0],"opacity":1,"textureAsset":null,"spriteAsset":null,"spriteFrame":0,"pixelsPerUnit":null,"width":220.752,"height":53.299,"margin":[-126.102,594.739,-94.65,-648.038],"alignment":[0.5,0.5],"outlineColor":[0,0,0,1],"outlineThickness":1,"shadowColor":[0,0,0,1],"shadowOffset":[0.25,-0.25],"rect":[0,0,1,1],"materialAsset":null,"autoWidth":false,"autoHeight":false,"fitMode":"stretch","useInput":false,"batchGroupId":null,"mask":false,"layers":[4],"enableMarkup":false}}},"9553b585-9ca5-4946-938c-5fa539cea8e2":{"name":"OnlinePlayer","tags":[],"enabled":false,"resource_id":"9553b585-9ca5-4946-938c-5fa539cea8e2","parent":"d7160485-fe78-4444-9350-d0d6661ff253","children":["192c5b96-e45b-4cc9-a8c8-0ea4424c2bdd","34c5c7dc-95da-4fbb-90af-aa2fceae3b2a"],"position":[99.30276590211389,124.7410278567695,-1.7894026714472717e-13],"rotation":[0,0,1.65],"scale":[0.38790930491091213,0.38790930491091213,0.38790930491091213],"components":{"element":{"enabled":true,"type":"image","anchor":[0.5,0,0.5,0],"pivot":[0.5,0],"text":"","key":null,"fontAsset":null,"fontSize":32,"minFontSize":8,"maxFontSize":32,"autoFitWidth":false,"autoFitHeight":false,"maxLines":null,"lineHeight":32,"wrapLines":true,"spacing":1,"color":[1,1,1],"opacity":0.9,"textureAsset":null,"spriteAsset":151990915,"spriteFrame":0,"pixelsPerUnit":1,"width":268.343,"height":96.188,"margin":[-34.869,124.741,-233.474,-220.929],"alignment":[0.5,0.5],"outlineColor":[0,0,0,1],"outlineThickness":0,"shadowColor":[0,0,0,1],"shadowOffset":[0,0],"rect":[0,0,1,1],"materialAsset":null,"autoWidth":false,"autoHeight":false,"fitMode":"stretch","useInput":true,"batchGroupId":null,"mask":false,"layers":[4],"enableMarkup":false}}},"192c5b96-e45b-4cc9-a8c8-0ea4424c2bdd":{"name":"OnlineCounter","tags":[],"enabled":true,"resource_id":"192c5b96-e45b-4cc9-a8c8-0ea4424c2bdd","parent":"9553b585-9ca5-4946-938c-5fa539cea8e2","children":[],"position":[175.9577527256224,-3.951313497532965,-0.000017974526944753593],"rotation":[0,0,0],"scale":[1,1,1],"components":{"element":{"enabled":true,"type":"text","anchor":[0,0.5,0.5,0.5],"pivot":[0.5,0.5],"text":"","key":null,"fontAsset":151973583,"fontSize":69.01,"minFontSize":8,"maxFontSize":32,"autoFitWidth":false,"autoFitHeight":false,"maxLines":null,"lineHeight":32,"wrapLines":false,"spacing":1,"color":[1,1,1],"opacity":1,"textureAsset":null,"spriteAsset":null,"spriteFrame":0,"pixelsPerUnit":null,"width":158.363,"height":73.565,"margin":[96.776,-40.734,-120.968,-32.831],"alignment":[0.5,0.5],"outlineColor":[0,0,0,1],"outlineThickness":1,"shadowColor":[0,0,0,1],"shadowOffset":[0,0],"rect":[0,0,1,1],"materialAsset":null,"autoWidth":true,"autoHeight":true,"fitMode":"stretch","useInput":false,"batchGroupId":null,"mask":false,"layers":[4],"enableMarkup":false}}},"34c5c7dc-95da-4fbb-90af-aa2fceae3b2a":{"name":"Image","tags":[],"enabled":true,"resource_id":"34c5c7dc-95da-4fbb-90af-aa2fceae3b2a","parent":"9553b585-9ca5-4946-938c-5fa539cea8e2","children":[],"position":[-245.84234381735132,3.0857750666132233,-0.00001797452612458208],"rotation":[0,0,0],"scale":[1.0745813028492128,1.0745813028492128,1.0745813028492128],"components":{"element":{"enabled":true,"type":"image","anchor":[1,0.5,1,0.5],"pivot":[0.5,0.5],"text":"","key":null,"fontAsset":null,"fontSize":32,"minFontSize":8,"maxFontSize":32,"autoFitWidth":false,"autoFitHeight":false,"maxLines":null,"lineHeight":32,"wrapLines":true,"spacing":1,"color":[1,1,1],"opacity":1,"textureAsset":151990905,"spriteAsset":null,"spriteFrame":0,"pixelsPerUnit":null,"width":128,"height":128,"margin":[-309.842,-60.914,181.842,-67.086],"alignment":[0.5,0.5],"outlineColor":[0,0,0,1],"outlineThickness":0,"shadowColor":[0,0,0,1],"shadowOffset":[0,0],"rect":[0,0,1,1],"materialAsset":null,"autoWidth":false,"autoHeight":false,"fitMode":"stretch","useInput":false,"batchGroupId":null,"mask":false,"layers":[4],"enableMarkup":false}}},"ad8da4ee-6746-40b0-9ef2-d8d5f9c49040":{"name":"OnlinePlayer","tags":[],"enabled":false,"resource_id":"ad8da4ee-6746-40b0-9ef2-d8d5f9c49040","parent":"d64a5c8e-a307-4f0b-91db-f0d9df46f6e8","children":["d1a76aac-4ebc-485a-9e36-d1fe47fc30eb","8b133483-c8de-45c4-9917-5af48c376439"],"position":[100.1517845270103,124.07149001649304,-1.7894026714472717e-13],"rotation":[0,0,1.65],"scale":[0.38790930491091213,0.38790930491091213,0.38790930491091213],"components":{"element":{"enabled":true,"type":"image","anchor":[0.5,0,0.5,0],"pivot":[0.5,0],"text":"","key":null,"fontAsset":null,"fontSize":32,"minFontSize":8,"maxFontSize":32,"autoFitWidth":false,"autoFitHeight":false,"maxLines":null,"lineHeight":32,"wrapLines":true,"spacing":1,"color":[1,1,1],"opacity":0.9,"textureAsset":null,"spriteAsset":151990915,"spriteFrame":0,"pixelsPerUnit":1,"width":268.34299999999996,"height":96.18799999999999,"margin":[-34.019,124.071,-234.323,-220.259],"alignment":[0.5,0.5],"outlineColor":[0,0,0,1],"outlineThickness":0,"shadowColor":[0,0,0,1],"shadowOffset":[0,0],"rect":[0,0,1,1],"materialAsset":null,"autoWidth":false,"autoHeight":false,"fitMode":"stretch","useInput":true,"batchGroupId":null,"mask":false,"layers":[4],"enableMarkup":false}}},"d1a76aac-4ebc-485a-9e36-d1fe47fc30eb":{"name":"OnlineCounter","tags":[],"enabled":true,"resource_id":"d1a76aac-4ebc-485a-9e36-d1fe47fc30eb","parent":"ad8da4ee-6746-40b0-9ef2-d8d5f9c49040","children":[],"position":[175.95775,-3.951313497532965,-0.000017974526944753593],"rotation":[0,0,0],"scale":[1,1,1],"components":{"element":{"enabled":true,"type":"text","anchor":[0,0.5,0.5,0.5],"pivot":[0.5,0.5],"text":"","key":null,"fontAsset":151973583,"fontSize":69.01,"minFontSize":8,"maxFontSize":32,"autoFitWidth":false,"autoFitHeight":false,"maxLines":null,"lineHeight":32,"wrapLines":false,"spacing":1,"color":[1,1,1],"opacity":1,"textureAsset":null,"spriteAsset":null,"spriteFrame":0,"pixelsPerUnit":null,"width":158.363,"height":73.565,"margin":[96.776,-40.734,-120.968,-32.831],"alignment":[0.5,0.5],"outlineColor":[0,0,0,1],"outlineThickness":1,"shadowColor":[0,0,0,1],"shadowOffset":[0,0],"rect":[0,0,1,1],"materialAsset":null,"autoWidth":true,"autoHeight":true,"fitMode":"stretch","useInput":false,"batchGroupId":null,"mask":false,"layers":[4],"enableMarkup":false}}},"8b133483-c8de-45c4-9917-5af48c376439":{"name":"Image","tags":[],"enabled":true,"resource_id":"8b133483-c8de-45c4-9917-5af48c376439","parent":"ad8da4ee-6746-40b0-9ef2-d8d5f9c49040","children":[],"position":[-245.84234381735132,3.0857750666132233,-0.00001797452612458208],"rotation":[0,0,0],"scale":[1.0745813028492128,1.0745813028492128,1.0745813028492128],"components":{"element":{"enabled":true,"type":"image","anchor":[1,0.5,1,0.5],"pivot":[0.5,0.5],"text":"","key":null,"fontAsset":null,"fontSize":32,"minFontSize":8,"maxFontSize":32,"autoFitWidth":false,"autoFitHeight":false,"maxLines":null,"lineHeight":32,"wrapLines":true,"spacing":1,"color":[1,1,1],"opacity":1,"textureAsset":151990905,"spriteAsset":null,"spriteFrame":0,"pixelsPerUnit":null,"width":128,"height":128,"margin":[-309.842,-60.914,181.842,-67.086],"alignment":[0.5,0.5],"outlineColor":[0,0,0,1],"outlineThickness":0,"shadowColor":[0,0,0,1],"shadowOffset":[0,0],"rect":[0,0,1,1],"materialAsset":null,"autoWidth":false,"autoHeight":false,"fitMode":"stretch","useInput":false,"batchGroupId":null,"mask":false,"layers":[4],"enableMarkup":false}}},"36b59fe3-fa1a-4637-9aaf-2481b961b4c8":{"name":"OnlinePlayer","tags":[],"enabled":false,"resource_id":"36b59fe3-fa1a-4637-9aaf-2481b961b4c8","parent":"e7d72f99-0b7a-4fb6-80a8-1f19445b68f2","children":["76652c54-887c-4f9e-bafe-2be3e84b1e4e","bea4ae5e-8f43-4bb9-abd5-2b0a44c242ef"],"position":[99.30276441036159,124.7410278567695,-1.7894026714472717e-13],"rotation":[0,0,1.65],"scale":[0.38790930491091213,0.38790930491091213,0.38790930491091213],"components":{"element":{"enabled":true,"type":"image","anchor":[0.5,0,0.5,0],"pivot":[0.5,0],"text":"","key":null,"fontAsset":null,"fontSize":32,"minFontSize":8,"maxFontSize":32,"autoFitWidth":false,"autoFitHeight":false,"maxLines":null,"lineHeight":32,"wrapLines":true,"spacing":1,"color":[1,1,1],"opacity":0.9,"textureAsset":null,"spriteAsset":151990915,"spriteFrame":0,"pixelsPerUnit":1,"width":268.34299999999996,"height":96.18799999999999,"margin":[-34.868,124.741,-233.474,-220.929],"alignment":[0.5,0.5],"outlineColor":[0,0,0,1],"outlineThickness":0,"shadowColor":[0,0,0,1],"shadowOffset":[0,0],"rect":[0,0,1,1],"materialAsset":null,"autoWidth":false,"autoHeight":false,"fitMode":"stretch","useInput":true,"batchGroupId":null,"mask":false,"layers":[4],"enableMarkup":false}}},"76652c54-887c-4f9e-bafe-2be3e84b1e4e":{"name":"OnlineCounter","tags":[],"enabled":true,"resource_id":"76652c54-887c-4f9e-bafe-2be3e84b1e4e","parent":"36b59fe3-fa1a-4637-9aaf-2481b961b4c8","children":[],"position":[175.95775,-3.951313497532965,-0.000017974526944753593],"rotation":[0,0,0],"scale":[1,1,1],"components":{"element":{"enabled":true,"type":"text","anchor":[0,0.5,0.5,0.5],"pivot":[0.5,0.5],"text":"","key":null,"fontAsset":151973583,"fontSize":69.01,"minFontSize":8,"maxFontSize":32,"autoFitWidth":false,"autoFitHeight":false,"maxLines":null,"lineHeight":32,"wrapLines":false,"spacing":1,"color":[1,1,1],"opacity":1,"textureAsset":null,"spriteAsset":null,"spriteFrame":0,"pixelsPerUnit":null,"width":158.363,"height":73.565,"margin":[96.776,-40.734,-120.968,-32.831],"alignment":[0.5,0.5],"outlineColor":[0,0,0,1],"outlineThickness":1,"shadowColor":[0,0,0,1],"shadowOffset":[0,0],"rect":[0,0,1,1],"materialAsset":null,"autoWidth":true,"autoHeight":true,"fitMode":"stretch","useInput":false,"batchGroupId":null,"mask":false,"layers":[4],"enableMarkup":false}}},"bea4ae5e-8f43-4bb9-abd5-2b0a44c242ef":{"name":"Image","tags":[],"enabled":true,"resource_id":"bea4ae5e-8f43-4bb9-abd5-2b0a44c242ef","parent":"36b59fe3-fa1a-4637-9aaf-2481b961b4c8","children":[],"position":[-245.84234381735132,3.0857750666132233,-0.00001797452612458208],"rotation":[0,0,0],"scale":[1.0745813028492128,1.0745813028492128,1.0745813028492128],"components":{"element":{"enabled":true,"type":"image","anchor":[1,0.5,1,0.5],"pivot":[0.5,0.5],"text":"","key":null,"fontAsset":null,"fontSize":32,"minFontSize":8,"maxFontSize":32,"autoFitWidth":false,"autoFitHeight":false,"maxLines":null,"lineHeight":32,"wrapLines":true,"spacing":1,"color":[1,1,1],"opacity":1,"textureAsset":151990905,"spriteAsset":null,"spriteFrame":0,"pixelsPerUnit":null,"width":128,"height":128,"margin":[-309.842,-60.914,181.842,-67.086],"alignment":[0.5,0.5],"outlineColor":[0,0,0,1],"outlineThickness":0,"shadowColor":[0,0,0,1],"shadowOffset":[0,0],"rect":[0,0,1,1],"materialAsset":null,"autoWidth":false,"autoHeight":false,"fitMode":"stretch","useInput":false,"batchGroupId":null,"mask":false,"layers":[4],"enableMarkup":false}}},"61d8a110-c86c-4f27-bca5-e7b7d36cc17f":{"name":"BallObby","tags":[],"enabled":true,"resource_id":"61d8a110-c86c-4f27-bca5-e7b7d36cc17f","parent":"203da77b-0db3-4d83-833c-69afd0310f76","children":["8bee5be5-51b1-4d91-b567-b08ce938f11a"],"position":[759.9999981700275,447.49998673465325,0],"rotation":[0,0,0],"scale":[1,1,1],"components":{"element":{"enabled":true,"type":"group","anchor":[0,0,0,0],"pivot":[0.5,0.5],"text":"","key":null,"fontAsset":null,"fontSize":32,"minFontSize":8,"maxFontSize":32,"autoFitWidth":false,"autoFitHeight":false,"maxLines":null,"lineHeight":32,"wrapLines":true,"spacing":1,"color":[1,1,1],"opacity":1,"textureAsset":null,"spriteAsset":null,"spriteFrame":0,"pixelsPerUnit":null,"width":350,"height":590,"margin":[585,152.5,-935,-742.5],"alignment":[0.5,0.5],"outlineColor":[0,0,0,1],"outlineThickness":0,"shadowColor":[0,0,0,1],"shadowOffset":[0,0],"rect":[0,0,1,1],"materialAsset":null,"autoWidth":false,"autoHeight":false,"fitMode":"stretch","useInput":true,"batchGroupId":null,"mask":false,"layers":[4],"enableMarkup":false},"layoutchild":{"enabled":true,"minWidth":350,"minHeight":600,"maxWidth":600,"maxHeight":600,"fitWidthProportion":0,"fitHeightProportion":0,"excludeFromLayout":false},"button":{"enabled":true,"active":true,"imageEntity":"43ec95f9-4167-488c-92d1-94beaeff1f44","hitPadding":[0,0,0,0],"transitionMode":0,"hoverTint":[0.9921568627450981,0.9686274509803922,0.7098039215686275,1],"pressedTint":[1,1,1,1],"inactiveTint":[1,1,1,1],"fadeDuration":0,"hoverSpriteAsset":null,"hoverSpriteFrame":0,"pressedSpriteAsset":null,"pressedSpriteFrame":0,"inactiveSpriteAsset":null,"inactiveSpriteFrame":0,"hoverTextureAsset":null,"pressedTextureAsset":null,"inactiveTextureAsset":null}}},"8bee5be5-51b1-4d91-b567-b08ce938f11a":{"name":"Body","tags":[],"enabled":true,"resource_id":"8bee5be5-51b1-4d91-b567-b08ce938f11a","parent":"61d8a110-c86c-4f27-bca5-e7b7d36cc17f","children":["43ec95f9-4167-488c-92d1-94beaeff1f44","8e5bf62d-21f8-42b6-8355-80c8c3fa65f5","c382ff04-e310-4eda-9fb4-809f7b6a0d01","f81f40dc-20c3-401e-8643-88b249fd988e","b29666ed-14a4-41fd-a25b-d3f3331966b8"],"position":[230.625,300,0],"rotation":[0,0,0],"scale":[1,1,1],"components":{"element":{"enabled":true,"type":"group","anchor":[0,0,1,1],"pivot":[0.5,0.5],"text":"","key":null,"fontAsset":151973583,"fontSize":32,"minFontSize":8,"maxFontSize":32,"autoFitWidth":false,"autoFitHeight":false,"maxLines":null,"lineHeight":32,"wrapLines":true,"spacing":1,"color":[1,1,1],"opacity":1,"textureAsset":null,"spriteAsset":null,"spriteFrame":0,"pixelsPerUnit":null,"width":32,"height":32,"margin":[0,0,0,0],"alignment":[0.5,0.5],"outlineColor":[0,0,0,1],"outlineThickness":0,"shadowColor":[0,0,0,1],"shadowOffset":[0,0],"rect":[0,0,1,1],"materialAsset":null,"autoWidth":false,"autoHeight":false,"fitMode":"stretch","useInput":false,"batchGroupId":null,"mask":false,"layers":[4],"enableMarkup":false},"script":{"enabled":true,"order":["motion"],"scripts":{"motion":{"enabled":true,"attributes":{"motions":[{"name":"","position":{"keys":[[0,0],[0.6,0,0.7,5.55,0.8,0],[0,0]],"type":4},"rotation":{"keys":[[0,0],[0,0],[0,0]],"type":4},"scale":{"keys":[[0,0],[0,0],[0,0]],"type":4},"speed":1,"autoplay":true,"loop":true}],"events":[],"lerp":0.5}}}}}},"43ec95f9-4167-488c-92d1-94beaeff1f44":{"name":"PP","tags":[],"enabled":true,"resource_id":"43ec95f9-4167-488c-92d1-94beaeff1f44","parent":"8bee5be5-51b1-4d91-b567-b08ce938f11a","children":[],"position":[0,0,0],"rotation":[0,0,0],"scale":[0.9248106142005748,0.9248106142005748,0.9248106142005748],"components":{"element":{"enabled":true,"type":"image","anchor":[0.5,0.5,0.5,0.5],"pivot":[0.5,0.5],"text":"","key":null,"fontAsset":null,"fontSize":32,"minFontSize":8,"maxFontSize":32,"autoFitWidth":false,"autoFitHeight":false,"maxLines":null,"lineHeight":32,"wrapLines":true,"spacing":1,"color":[1,1,1],"opacity":1,"textureAsset":156217812,"spriteAsset":null,"spriteFrame":0,"pixelsPerUnit":null,"width":500,"height":800,"margin":[-250,-400,-250,-400],"alignment":[0.5,0.5],"outlineColor":[0,0,0,1],"outlineThickness":0,"shadowColor":[0,0,0,1],"shadowOffset":[0,0],"rect":[0,0,1,1],"materialAsset":null,"autoWidth":false,"autoHeight":false,"fitMode":"stretch","useInput":true,"batchGroupId":null,"mask":false,"layers":[4],"enableMarkup":false}}},"8e5bf62d-21f8-42b6-8355-80c8c3fa65f5":{"name":"Game Name Text","tags":[],"enabled":true,"resource_id":"8e5bf62d-21f8-42b6-8355-80c8c3fa65f5","parent":"8bee5be5-51b1-4d91-b567-b08ce938f11a","children":[],"position":[0,64.999,0],"rotation":[0,0,1.75],"scale":[1,1,1],"components":{"element":{"enabled":true,"type":"text","anchor":[0.5,0,0.5,0],"pivot":[0.5,0.5],"text":"Ball","key":null,"fontAsset":151973583,"fontSize":51.38,"minFontSize":8,"maxFontSize":50,"autoFitWidth":true,"autoFitHeight":true,"maxLines":null,"lineHeight":32,"wrapLines":true,"spacing":1,"color":[1,1,1],"opacity":1,"textureAsset":null,"spriteAsset":null,"spriteFrame":0,"pixelsPerUnit":null,"width":237.222,"height":75,"margin":[-118.611,38.35,-118.611,-91.649],"alignment":[0.5,0.5],"outlineColor":[0,0,0,1],"outlineThickness":1,"shadowColor":[0,0,0,1],"shadowOffset":[0.25,-0.25],"rect":[0,0,1,1],"materialAsset":null,"autoWidth":false,"autoHeight":false,"fitMode":"stretch","useInput":false,"batchGroupId":null,"mask":false,"layers":[4],"enableMarkup":false}}},"f81f40dc-20c3-401e-8643-88b249fd988e":{"name":"Fire","tags":[],"enabled":false,"resource_id":"f81f40dc-20c3-401e-8643-88b249fd988e","parent":"8bee5be5-51b1-4d91-b567-b08ce938f11a","children":[],"position":[155,280,-1.0658141036401503e-12],"rotation":[0,0,0],"scale":[0.459255132006932,0.459255132006932,0.459255132006932],"components":{"element":{"enabled":true,"type":"image","anchor":[0.5,0.5,0.5,0.5],"pivot":[0.5,0.5],"text":"","key":null,"fontAsset":null,"fontSize":32,"minFontSize":8,"maxFontSize":32,"autoFitWidth":false,"autoFitHeight":false,"maxLines":null,"lineHeight":32,"wrapLines":true,"spacing":1,"color":[1,1,1],"opacity":1,"textureAsset":151975202,"spriteAsset":null,"spriteFrame":0,"pixelsPerUnit":null,"width":256,"height":256,"margin":[27,152,-283,-408],"alignment":[0.5,0.5],"outlineColor":[0,0,0,1],"outlineThickness":0,"shadowColor":[0,0,0,1],"shadowOffset":[0,0],"rect":[0,0,1,1],"materialAsset":null,"autoWidth":false,"autoHeight":false,"fitMode":"stretch","useInput":true,"batchGroupId":null,"mask":false,"layers":[4],"enableMarkup":false},"script":{"enabled":true,"order":["flameAnimation"],"scripts":{"flameAnimation":{"enabled":true,"attributes":{}}}}}},"b29666ed-14a4-41fd-a25b-d3f3331966b8":{"name":"OnlinePlayer","tags":[],"enabled":false,"resource_id":"b29666ed-14a4-41fd-a25b-d3f3331966b8","parent":"8bee5be5-51b1-4d91-b567-b08ce938f11a","children":["5d9c100b-7e06-4057-ba2a-77e67d2e05a9","6042815f-6674-432e-8827-25bf465a3e7d"],"position":[100.1517845270103,124.07149001649304,-1.7894026714472717e-13],"rotation":[0,0,1.65],"scale":[0.38790930491091213,0.38790930491091213,0.38790930491091213],"components":{"element":{"enabled":true,"type":"image","anchor":[0.5,0,0.5,0],"pivot":[0.5,0],"text":"","key":null,"fontAsset":null,"fontSize":32,"minFontSize":8,"maxFontSize":32,"autoFitWidth":false,"autoFitHeight":false,"maxLines":null,"lineHeight":32,"wrapLines":true,"spacing":1,"color":[1,1,1],"opacity":0.9,"textureAsset":null,"spriteAsset":151990915,"spriteFrame":0,"pixelsPerUnit":1,"width":268.34299999999996,"height":96.18799999999999,"margin":[-34.019,124.071,-234.323,-220.259],"alignment":[0.5,0.5],"outlineColor":[0,0,0,1],"outlineThickness":0,"shadowColor":[0,0,0,1],"shadowOffset":[0,0],"rect":[0,0,1,1],"materialAsset":null,"autoWidth":false,"autoHeight":false,"fitMode":"stretch","useInput":true,"batchGroupId":null,"mask":false,"layers":[4],"enableMarkup":false}}},"5d9c100b-7e06-4057-ba2a-77e67d2e05a9":{"name":"OnlineCounter","tags":[],"enabled":true,"resource_id":"5d9c100b-7e06-4057-ba2a-77e67d2e05a9","parent":"b29666ed-14a4-41fd-a25b-d3f3331966b8","children":[],"position":[175.95775,-3.951313497532965,-0.000017974526944753593],"rotation":[0,0,0],"scale":[1,1,1],"components":{"element":{"enabled":true,"type":"text","anchor":[0,0.5,0.5,0.5],"pivot":[0.5,0.5],"text":"","key":null,"fontAsset":151973583,"fontSize":69.01,"minFontSize":8,"maxFontSize":32,"autoFitWidth":false,"autoFitHeight":false,"maxLines":null,"lineHeight":32,"wrapLines":false,"spacing":1,"color":[1,1,1],"opacity":1,"textureAsset":null,"spriteAsset":null,"spriteFrame":0,"pixelsPerUnit":null,"width":158.363,"height":73.565,"margin":[96.776,-40.734,-120.968,-32.831],"alignment":[0.5,0.5],"outlineColor":[0,0,0,1],"outlineThickness":1,"shadowColor":[0,0,0,1],"shadowOffset":[0,0],"rect":[0,0,1,1],"materialAsset":null,"autoWidth":true,"autoHeight":true,"fitMode":"stretch","useInput":false,"batchGroupId":null,"mask":false,"layers":[4],"enableMarkup":false}}},"6042815f-6674-432e-8827-25bf465a3e7d":{"name":"Image","tags":[],"enabled":true,"resource_id":"6042815f-6674-432e-8827-25bf465a3e7d","parent":"b29666ed-14a4-41fd-a25b-d3f3331966b8","children":[],"position":[-245.84234381735132,3.0857750666132233,-0.00001797452612458208],"rotation":[0,0,0],"scale":[1.0745813028492128,1.0745813028492128,1.0745813028492128],"components":{"element":{"enabled":true,"type":"image","anchor":[1,0.5,1,0.5],"pivot":[0.5,0.5],"text":"","key":null,"fontAsset":null,"fontSize":32,"minFontSize":8,"maxFontSize":32,"autoFitWidth":false,"autoFitHeight":false,"maxLines":null,"lineHeight":32,"wrapLines":true,"spacing":1,"color":[1,1,1],"opacity":1,"textureAsset":151990905,"spriteAsset":null,"spriteFrame":0,"pixelsPerUnit":null,"width":128,"height":128,"margin":[-309.842,-60.914,181.842,-67.086],"alignment":[0.5,0.5],"outlineColor":[0,0,0,1],"outlineThickness":0,"shadowColor":[0,0,0,1],"shadowOffset":[0,0],"rect":[0,0,1,1],"materialAsset":null,"autoWidth":false,"autoHeight":false,"fitMode":"stretch","useInput":false,"batchGroupId":null,"mask":false,"layers":[4],"enableMarkup":false}}},"c382ff04-e310-4eda-9fb4-809f7b6a0d01":{"name":"PP","tags":[],"enabled":false,"resource_id":"c382ff04-e310-4eda-9fb4-809f7b6a0d01","parent":"8bee5be5-51b1-4d91-b567-b08ce938f11a","children":[],"position":[0,0,0],"rotation":[0,0,0],"scale":[0.9248106142005748,0.9248106142005748,0.9248106142005748],"components":{"element":{"enabled":true,"type":"image","anchor":[0.5,0.5,0.5,0.5],"pivot":[0.5,0.5],"text":"","key":null,"fontAsset":null,"fontSize":32,"minFontSize":8,"maxFontSize":32,"autoFitWidth":false,"autoFitHeight":false,"maxLines":null,"lineHeight":32,"wrapLines":true,"spacing":1,"color":[1,1,1],"opacity":0.533,"textureAsset":151982553,"spriteAsset":null,"spriteFrame":0,"pixelsPerUnit":null,"width":250,"height":250,"margin":[-125,-125,-125,-125],"alignment":[0.5,0.5],"outlineColor":[0,0,0,1],"outlineThickness":0,"shadowColor":[0,0,0,1],"shadowOffset":[0,0],"rect":[0,0,1,1],"materialAsset":null,"autoWidth":false,"autoHeight":false,"fitMode":"stretch","useInput":true,"batchGroupId":null,"mask":false,"layers":[4],"enableMarkup":false}}},"af6aa6d1-19a9-4e69-8117-3184505ed900":{"name":"LadderObby","tags":[],"enabled":false,"resource_id":"af6aa6d1-19a9-4e69-8117-3184505ed900","parent":"203da77b-0db3-4d83-833c-69afd0310f76","children":["95a25924-26b9-4f68-89d9-959d62dc9327"],"position":[1560,447.5,0],"rotation":[0,0,0],"scale":[1,1,1],"components":{"element":{"enabled":true,"type":"group","anchor":[0,0,0,0],"pivot":[0.5,0.5],"text":"","key":null,"fontAsset":null,"fontSize":32,"minFontSize":8,"maxFontSize":32,"autoFitWidth":false,"autoFitHeight":false,"maxLines":null,"lineHeight":32,"wrapLines":true,"spacing":1,"color":[1,1,1],"opacity":1,"textureAsset":null,"spriteAsset":null,"spriteFrame":0,"pixelsPerUnit":null,"width":350,"height":590,"margin":[1385,147.5,-1735,-747.5],"alignment":[0.5,0.5],"outlineColor":[0,0,0,1],"outlineThickness":0,"shadowColor":[0,0,0,1],"shadowOffset":[0,0],"rect":[0,0,1,1],"materialAsset":null,"autoWidth":false,"autoHeight":false,"fitMode":"stretch","useInput":true,"batchGroupId":null,"mask":false,"layers":[4],"enableMarkup":false},"layoutchild":{"enabled":true,"minWidth":350,"minHeight":600,"maxWidth":600,"maxHeight":600,"fitWidthProportion":0,"fitHeightProportion":0,"excludeFromLayout":false},"button":{"enabled":true,"active":true,"imageEntity":"2c05880c-ac6e-45a9-90c9-e8a63f694f08","hitPadding":[0,0,0,0],"transitionMode":0,"hoverTint":[0.9921568627450981,0.9686274509803922,0.7098039215686275,1],"pressedTint":[1,1,1,1],"inactiveTint":[1,1,1,1],"fadeDuration":0,"hoverSpriteAsset":null,"hoverSpriteFrame":0,"pressedSpriteAsset":null,"pressedSpriteFrame":0,"inactiveSpriteAsset":null,"inactiveSpriteFrame":0,"hoverTextureAsset":null,"pressedTextureAsset":null,"inactiveTextureAsset":null}}},"95a25924-26b9-4f68-89d9-959d62dc9327":{"name":"Body","tags":[],"enabled":true,"resource_id":"95a25924-26b9-4f68-89d9-959d62dc9327","parent":"af6aa6d1-19a9-4e69-8117-3184505ed900","children":["2c05880c-ac6e-45a9-90c9-e8a63f694f08","6e8151c0-1dcc-4ec2-87ab-0847b1d0ab91","36ccc270-3c66-465f-b7c0-5f5dc959cdd7","1ce194a2-e3f0-423b-971f-ad3f212c363e","924af2b7-542f-4080-805f-bddb7522b9dd"],"position":[230.625,300,0],"rotation":[0,0,0],"scale":[1,1,1],"components":{"element":{"enabled":true,"type":"group","anchor":[0,0,1,1],"pivot":[0.5,0.5],"text":"","key":null,"fontAsset":151973583,"fontSize":32,"minFontSize":8,"maxFontSize":32,"autoFitWidth":false,"autoFitHeight":false,"maxLines":null,"lineHeight":32,"wrapLines":true,"spacing":1,"color":[1,1,1],"opacity":1,"textureAsset":null,"spriteAsset":null,"spriteFrame":0,"pixelsPerUnit":null,"width":32,"height":32,"margin":[0,0,0,0],"alignment":[0.5,0.5],"outlineColor":[0,0,0,1],"outlineThickness":0,"shadowColor":[0,0,0,1],"shadowOffset":[0,0],"rect":[0,0,1,1],"materialAsset":null,"autoWidth":false,"autoHeight":false,"fitMode":"stretch","useInput":false,"batchGroupId":null,"mask":false,"layers":[4],"enableMarkup":false},"script":{"enabled":true,"order":["motion"],"scripts":{"motion":{"enabled":true,"attributes":{"motions":[{"name":"","position":{"keys":[[0,0],[0.6,0,0.7,5.55,0.8,0],[0,0]],"type":4},"rotation":{"keys":[[0,0],[0,0],[0,0]],"type":4},"scale":{"keys":[[0,0],[0,0],[0,0]],"type":4},"speed":1,"autoplay":true,"loop":true}],"events":[],"lerp":0.5}}}}}},"2c05880c-ac6e-45a9-90c9-e8a63f694f08":{"name":"PP","tags":[],"enabled":true,"resource_id":"2c05880c-ac6e-45a9-90c9-e8a63f694f08","parent":"95a25924-26b9-4f68-89d9-959d62dc9327","children":[],"position":[0,0,0],"rotation":[0,0,0],"scale":[0.9248106142005748,0.9248106142005748,0.9248106142005748],"components":{"element":{"enabled":true,"type":"image","anchor":[0.5,0.5,0.5,0.5],"pivot":[0.5,0.5],"text":"","key":null,"fontAsset":null,"fontSize":32,"minFontSize":8,"maxFontSize":32,"autoFitWidth":false,"autoFitHeight":false,"maxLines":null,"lineHeight":32,"wrapLines":true,"spacing":1,"color":[1,1,1],"opacity":1,"textureAsset":156217812,"spriteAsset":null,"spriteFrame":0,"pixelsPerUnit":null,"width":500,"height":800,"margin":[-250,-400,-250,-400],"alignment":[0.5,0.5],"outlineColor":[0,0,0,1],"outlineThickness":0,"shadowColor":[0,0,0,1],"shadowOffset":[0,0],"rect":[0,0,1,1],"materialAsset":null,"autoWidth":false,"autoHeight":false,"fitMode":"stretch","useInput":true,"batchGroupId":null,"mask":false,"layers":[4],"enableMarkup":false}}},"6e8151c0-1dcc-4ec2-87ab-0847b1d0ab91":{"name":"Game Name Text","tags":[],"enabled":true,"resource_id":"6e8151c0-1dcc-4ec2-87ab-0847b1d0ab91","parent":"95a25924-26b9-4f68-89d9-959d62dc9327","children":[],"position":[0,64.999,0],"rotation":[0,0,1.75],"scale":[1,1,1],"components":{"element":{"enabled":true,"type":"text","anchor":[0.5,0,0.5,0],"pivot":[0.5,0.5],"text":"Ball","key":null,"fontAsset":151973583,"fontSize":51.38,"minFontSize":8,"maxFontSize":50,"autoFitWidth":true,"autoFitHeight":true,"maxLines":null,"lineHeight":32,"wrapLines":true,"spacing":1,"color":[1,1,1],"opacity":1,"textureAsset":null,"spriteAsset":null,"spriteFrame":0,"pixelsPerUnit":null,"width":237.222,"height":75,"margin":[-118.611,38.35,-118.611,-91.649],"alignment":[0.5,0.5],"outlineColor":[0,0,0,1],"outlineThickness":1,"shadowColor":[0,0,0,1],"shadowOffset":[0.25,-0.25],"rect":[0,0,1,1],"materialAsset":null,"autoWidth":false,"autoHeight":false,"fitMode":"stretch","useInput":false,"batchGroupId":null,"mask":false,"layers":[4],"enableMarkup":false}}},"36ccc270-3c66-465f-b7c0-5f5dc959cdd7":{"name":"PP","tags":[],"enabled":false,"resource_id":"36ccc270-3c66-465f-b7c0-5f5dc959cdd7","parent":"95a25924-26b9-4f68-89d9-959d62dc9327","children":[],"position":[0,0,0],"rotation":[0,0,0],"scale":[0.9248106142005748,0.9248106142005748,0.9248106142005748],"components":{"element":{"enabled":true,"type":"image","anchor":[0.5,0.5,0.5,0.5],"pivot":[0.5,0.5],"text":"","key":null,"fontAsset":null,"fontSize":32,"minFontSize":8,"maxFontSize":32,"autoFitWidth":false,"autoFitHeight":false,"maxLines":null,"lineHeight":32,"wrapLines":true,"spacing":1,"color":[1,1,1],"opacity":0.533,"textureAsset":151982553,"spriteAsset":null,"spriteFrame":0,"pixelsPerUnit":null,"width":250,"height":250,"margin":[-125,-125,-125,-125],"alignment":[0.5,0.5],"outlineColor":[0,0,0,1],"outlineThickness":0,"shadowColor":[0,0,0,1],"shadowOffset":[0,0],"rect":[0,0,1,1],"materialAsset":null,"autoWidth":false,"autoHeight":false,"fitMode":"stretch","useInput":true,"batchGroupId":null,"mask":false,"layers":[4],"enableMarkup":false}}},"1ce194a2-e3f0-423b-971f-ad3f212c363e":{"name":"Fire","tags":[],"enabled":true,"resource_id":"1ce194a2-e3f0-423b-971f-ad3f212c363e","parent":"95a25924-26b9-4f68-89d9-959d62dc9327","children":[],"position":[155,280,-1.0658141036401503e-12],"rotation":[0,0,0],"scale":[0.459255132006932,0.459255132006932,0.459255132006932],"components":{"element":{"enabled":true,"type":"image","anchor":[0.5,0.5,0.5,0.5],"pivot":[0.5,0.5],"text":"","key":null,"fontAsset":null,"fontSize":32,"minFontSize":8,"maxFontSize":32,"autoFitWidth":false,"autoFitHeight":false,"maxLines":null,"lineHeight":32,"wrapLines":true,"spacing":1,"color":[1,1,1],"opacity":1,"textureAsset":151975202,"spriteAsset":null,"spriteFrame":0,"pixelsPerUnit":null,"width":256,"height":256,"margin":[27,152,-283,-408],"alignment":[0.5,0.5],"outlineColor":[0,0,0,1],"outlineThickness":0,"shadowColor":[0,0,0,1],"shadowOffset":[0,0],"rect":[0,0,1,1],"materialAsset":null,"autoWidth":false,"autoHeight":false,"fitMode":"stretch","useInput":true,"batchGroupId":null,"mask":false,"layers":[4],"enableMarkup":false},"script":{"enabled":true,"order":["flameAnimation"],"scripts":{"flameAnimation":{"enabled":true,"attributes":{}}}}}},"924af2b7-542f-4080-805f-bddb7522b9dd":{"name":"OnlinePlayer","tags":[],"enabled":false,"resource_id":"924af2b7-542f-4080-805f-bddb7522b9dd","parent":"95a25924-26b9-4f68-89d9-959d62dc9327","children":["52dba6eb-6dbf-44a1-8966-bd51105f0078","7a052ffe-b077-4a3f-b3b5-860259a1cda6"],"position":[100.1517845270103,124.07149001649304,-1.7894026714472717e-13],"rotation":[0,0,1.65],"scale":[0.38790930491091213,0.38790930491091213,0.38790930491091213],"components":{"element":{"enabled":true,"type":"image","anchor":[0.5,0,0.5,0],"pivot":[0.5,0],"text":"","key":null,"fontAsset":null,"fontSize":32,"minFontSize":8,"maxFontSize":32,"autoFitWidth":false,"autoFitHeight":false,"maxLines":null,"lineHeight":32,"wrapLines":true,"spacing":1,"color":[1,1,1],"opacity":0.9,"textureAsset":null,"spriteAsset":151990915,"spriteFrame":0,"pixelsPerUnit":1,"width":268.34299999999996,"height":96.18799999999999,"margin":[-34.019,124.071,-234.323,-220.259],"alignment":[0.5,0.5],"outlineColor":[0,0,0,1],"outlineThickness":0,"shadowColor":[0,0,0,1],"shadowOffset":[0,0],"rect":[0,0,1,1],"materialAsset":null,"autoWidth":false,"autoHeight":false,"fitMode":"stretch","useInput":true,"batchGroupId":null,"mask":false,"layers":[4],"enableMarkup":false}}},"52dba6eb-6dbf-44a1-8966-bd51105f0078":{"name":"OnlineCounter","tags":[],"enabled":true,"resource_id":"52dba6eb-6dbf-44a1-8966-bd51105f0078","parent":"924af2b7-542f-4080-805f-bddb7522b9dd","children":[],"position":[175.95775,-3.951313497532965,-0.000017974526944753593],"rotation":[0,0,0],"scale":[1,1,1],"components":{"element":{"enabled":true,"type":"text","anchor":[0,0.5,0.5,0.5],"pivot":[0.5,0.5],"text":"","key":null,"fontAsset":151973583,"fontSize":69.01,"minFontSize":8,"maxFontSize":32,"autoFitWidth":false,"autoFitHeight":false,"maxLines":null,"lineHeight":32,"wrapLines":false,"spacing":1,"color":[1,1,1],"opacity":1,"textureAsset":null,"spriteAsset":null,"spriteFrame":0,"pixelsPerUnit":null,"width":158.363,"height":73.565,"margin":[96.776,-40.734,-120.968,-32.831],"alignment":[0.5,0.5],"outlineColor":[0,0,0,1],"outlineThickness":1,"shadowColor":[0,0,0,1],"shadowOffset":[0,0],"rect":[0,0,1,1],"materialAsset":null,"autoWidth":true,"autoHeight":true,"fitMode":"stretch","useInput":false,"batchGroupId":null,"mask":false,"layers":[4],"enableMarkup":false}}},"7a052ffe-b077-4a3f-b3b5-860259a1cda6":{"name":"Image","tags":[],"enabled":true,"resource_id":"7a052ffe-b077-4a3f-b3b5-860259a1cda6","parent":"924af2b7-542f-4080-805f-bddb7522b9dd","children":[],"position":[-245.84234381735132,3.0857750666132233,-0.00001797452612458208],"rotation":[0,0,0],"scale":[1.0745813028492128,1.0745813028492128,1.0745813028492128],"components":{"element":{"enabled":true,"type":"image","anchor":[1,0.5,1,0.5],"pivot":[0.5,0.5],"text":"","key":null,"fontAsset":null,"fontSize":32,"minFontSize":8,"maxFontSize":32,"autoFitWidth":false,"autoFitHeight":false,"maxLines":null,"lineHeight":32,"wrapLines":true,"spacing":1,"color":[1,1,1],"opacity":1,"textureAsset":151990905,"spriteAsset":null,"spriteFrame":0,"pixelsPerUnit":null,"width":128,"height":128,"margin":[-309.842,-60.914,181.842,-67.086],"alignment":[0.5,0.5],"outlineColor":[0,0,0,1],"outlineThickness":0,"shadowColor":[0,0,0,1],"shadowOffset":[0,0],"rect":[0,0,1,1],"materialAsset":null,"autoWidth":false,"autoHeight":false,"fitMode":"stretch","useInput":false,"batchGroupId":null,"mask":false,"layers":[4],"enableMarkup":false}}}},"created":"2023-09-13T22:53:49.959Z","checkpoint_id":"4466fc19-321d-44b0-a96a-1a7af12c6800","id":1856469}